x,mND1,mND2,mND3,mND4,mND5,mND6,mND7,mND8,mND9,mND10,mHFD1,mHFD2,mHFD3,mHFD4,mHFD5,mHFD6,mHFD7,mHFD8,mHFD9,mHFD10
OTU1,835,1059,677,643,43,37,2614,1575,551,117,33,0,665,1971,2,751,545,14,1806,608
OTU10,10,47,0,101,0,7,2,27,2,1,347,445,233,83,286,99,280,286,151,46
OTU100,35,33,31,45,17,83,20,18,63,23,0,0,0,0,0,0,0,0,0,0
OTU101,2,3,15,3,0,5,4,3,6,9,0,0,0,0,0,0,0,0,0,0
OTU102,4,8,12,3,6,15,12,7,23,4,7,2,9,6,7,33,4,3,1,24
OTU103,1,80,1,25,1,12,1,35,10,4,127,40,5,10,7,15,21,46,28,11
OTU104,3,0,0,2,0,2,0,0,0,0,4,9,2,1,1,1,11,8,1,0
OTU105,1,1,0,7,1,0,0,12,14,0,4,2,14,16,3,0,29,30,4,10
OTU106,0,9,19,1,17,25,4,1,1,0,0,0,0,0,0,0,3,0,0,0
OTU107,0,5,0,36,2,5,0,3,3,0,0,0,0,0,0,0,0,0,0,0
OTU108,58,20,0,4,0,87,4,5,3,1,0,0,0,0,0,0,0,0,0,0
OTU109,0,2,2,13,1,6,1,2,9,2,0,0,0,0,0,0,0,0,0,0
OTU11,6,37,12,74,6,62,2,11,2,4,191,101,465,37,54,155,104,122,7,138
OTU110,10,15,6,18,5,64,4,28,25,6,10,9,9,1,16,13,8,18,16,16
OTU111,0,1,0,0,0,2,0,3,3,0,1,0,1,0,0,3,4,14,3,11
OTU112,0,1,0,0,0,1,0,0,1,0,12,1,8,5,4,16,12,13,1,8
OTU113,2,0,0,3,1,7,3,5,1,12,3,2,2,1,1,9,7,2,2,10
OTU114,0,0,0,0,0,0,0,0,0,0,0,0,0,0,0,5,0,60,0,24
OTU115,15,3,0,3,29,1,6,7,8,4,0,0,0,0,0,0,0,0,0,0
OTU116,0,0,0,0,0,0,0,0,0,0,3,0,0,0,0,0,10,9,0,0
OTU117,0,0,0,0,0,0,0,0,0,0,1,0,1,4,0,42,6,0,0,0
OTU118,1,2,0,6,0,3,0,8,0,1,36,17,0,0,5,0,6,1,2,0
OTU119,0,3,0,1,0,2,0,11,1,0,3,6,0,0,1,4,9,25,8,6
OTU12,0,0,3,0,2,3,0,1,0,0,132,269,164,0,959,139,650,1018,210,1156
OTU120,1,5,3,2,6,12,9,25,2,1,0,0,0,0,0,0,2,0,3,7
OTU121,0,3,0,1,1,1,0,0,0,0,0,0,2,0,0,0,4,8,0,1
OTU122,0,0,0,0,2,20,0,5,2,0,0,0,0,2,0,0,0,7,0,0
OTU123,0,1,5,3,14,4,2,3,0,9,0,0,2,1,0,0,0,1,0,2
OTU124,8,0,26,3,2,0,0,3,1,0,0,0,0,0,0,0,1,0,0,6
OTU125,1,2,1,1,1,1,7,4,30,1,0,0,0,0,0,0,1,0,0,0
OTU126,1,24,1,11,1,14,2,7,4,3,89,29,9,35,18,6,29,28,59,42
OTU127,3,25,4,16,5,22,3,16,17,7,57,39,10,8,32,18,35,52,17,23
OTU128,0,0,0,0,0,0,0,0,0,0,12,0,0,22,1,6,0,0,0,0
OTU129,1,0,56,0,0,0,23,0,0,0,1,0,13,2,0,14,0,0,0,0
OTU13,18,14,1,0,6,4,32,11,12,6,0,631,10,19,0,6,0,0,0,0
OTU130,0,0,0,0,0,14,0,0,0,0,0,0,0,0,0,0,5,0,6,2
OTU131,4,5,1,34,1,14,2,28,3,2,13,6,1,0,1,0,0,9,1,4
OTU132,0,1,0,2,0,0,0,0,0,0,4,0,7,0,0,2,4,45,0,24
OTU133,2,33,4,11,6,5,6,32,26,4,0,0,1,5,0,0,1,0,0,2
OTU134,7,0,7,5,4,0,4,3,14,18,0,0,0,0,0,0,0,0,0,0
OTU135,23,0,2,9,3,1,0,0,2,2,0,0,0,0,0,0,0,0,0,0
OTU136,1,3,0,7,0,30,0,14,2,0,0,0,0,0,0,0,0,0,0,0
OTU137,0,0,2,1,2,0,2,1,13,8,0,0,0,0,0,0,0,0,0,0
OTU138,0,0,0,0,0,4,0,2,12,0,0,0,0,0,0,0,0,0,0,0
OTU139,1,1,0,9,1,3,0,2,1,0,2,3,1,0,5,2,10,12,6,3
OTU14,0,10,1,0,0,7,0,7,1,0,231,0,404,0,1921,1145,1037,119,756,589
OTU140,0,4,0,1,0,0,0,4,0,1,26,11,0,7,0,11,23,5,22,4
OTU141,0,0,0,0,0,0,0,0,0,0,4,0,38,0,0,4,18,4,0,23
OTU142,17,1,1,1,0,39,0,3,1,0,0,0,0,0,0,0,0,0,0,0
OTU143,5,0,0,1,6,0,1,0,7,0,0,0,0,0,0,0,0,0,0,0
OTU144,1,0,5,5,0,0,3,6,2,6,0,0,0,0,0,0,0,0,0,0
OTU145,0,0,0,0,0,1,0,0,0,0,6,16,2,8,3,8,11,8,1,3
OTU146,1,0,0,0,0,0,3,4,4,0,3,23,1,6,0,2,2,4,1,1
OTU147,0,0,0,0,0,0,2,1,0,0,29,3,10,21,0,3,0,2,0,2
OTU148,0,1,0,3,0,0,1,3,0,0,0,0,6,10,8,34,34,33,0,7
OTU149,0,0,0,9,2,0,0,3,1,1,0,1,3,2,3,10,1,1,0,1
OTU15,2,25,0,23,17,35,23,44,33,16,0,126,75,0,106,75,62,88,49,100
OTU150,0,0,0,1,0,0,1,1,3,0,0,0,7,0,0,0,5,2,1,1
OTU151,0,0,0,2,0,0,0,0,0,0,0,0,0,0,0,0,0,14,0,0
OTU152,3,1,0,24,0,2,1,0,0,1,0,0,0,0,2,0,5,8,1,0
OTU153,0,0,0,0,0,0,0,0,0,0,4,0,0,0,0,0,0,68,12,3
OTU154,0,0,1,2,0,1,1,3,0,4,0,0,0,0,0,0,0,0,1,2
OTU155,0,9,0,0,0,0,0,22,1,0,0,0,0,0,0,0,0,0,0,0
OTU156,52,15,2,0,1,21,0,13,4,3,1,0,1,0,1,3,3,0,0,1
OTU157,24,0,1,0,0,0,0,0,0,3,0,0,0,0,0,0,0,0,0,0
OTU158,1,0,1,3,2,2,1,1,9,7,0,0,0,0,0,0,0,0,0,0
OTU159,0,0,0,3,0,0,1,2,7,0,0,0,0,0,0,0,0,0,0,0
OTU16,26,50,76,199,21,52,42,61,26,11,5,2,1,1,2,3,6,5,1,1
OTU160,0,1,0,0,0,0,0,1,0,0,2,3,0,0,1,1,5,9,3,3
OTU161,0,1,0,0,0,2,0,1,0,3,0,1,0,0,0,0,0,2,2,1
OTU162,0,0,0,0,0,1,0,2,0,0,2,3,0,0,2,5,7,13,3,2
OTU163,1,0,0,0,0,4,0,0,0,0,18,22,1,5,4,1,36,9,15,0
OTU164,0,3,0,2,1,0,0,8,3,1,0,2,2,1,0,0,3,0,0,0
OTU165,7,1,6,4,4,1,3,7,5,6,0,0,3,0,0,0,0,0,0,2
OTU166,5,0,0,1,1,1,0,0,2,0,2,0,4,0,0,0,0,0,2,0
OTU167,1,1,0,6,2,7,0,3,3,1,0,3,6,0,2,0,28,1,1,3
OTU168,0,72,0,0,0,1,0,0,0,0,0,0,0,0,0,0,0,0,0,0
OTU169,7,0,3,12,5,7,7,10,17,6,0,0,0,0,0,0,1,3,0,1
OTU17,3,12,4,19,1,13,1,6,18,3,167,251,55,35,46,7,195,273,80,122
OTU170,1,0,1,2,2,5,0,2,1,5,0,0,0,0,0,0,0,0,0,0
OTU171,1,0,0,5,8,0,0,2,5,0,0,0,0,0,0,0,0,0,0,0
OTU172,0,0,0,0,0,26,0,0,0,0,0,0,0,0,0,0,0,0,7,2
OTU173,0,0,1,0,0,0,0,0,0,0,7,0,3,2,0,6,4,2,5,12
OTU174,0,2,0,4,0,4,1,6,0,0,3,3,1,1,3,1,2,4,1,0
OTU175,1,4,0,3,0,0,0,7,0,0,7,3,0,0,2,7,1,6,0,2
OTU176,0,0,0,5,1,4,1,0,0,0,1,1,3,1,0,1,3,5,1,0
OTU177,0,0,0,0,1,0,0,0,0,0,0,0,12,0,0,0,0,0,0,0
OTU178,0,0,0,1,0,2,0,0,0,1,2,6,21,0,4,4,10,6,0,17
OTU179,0,0,0,0,0,0,1,0,0,0,0,0,4,7,0,1,1,0,0,0
OTU18,61,260,29,129,115,137,79,104,238,123,0,0,1,0,7,4,22,0,2,5
OTU180,0,3,1,0,1,5,0,7,7,0,10,35,7,10,2,14,13,33,2,8
OTU181,0,2,0,0,0,1,0,0,0,0,0,0,1,0,0,11,0,2,0,0
OTU182,0,5,0,0,0,2,6,8,1,1,4,0,1,0,0,0,20,15,21,8
OTU183,0,1,0,0,0,3,0,0,1,0,2,3,3,0,17,2,3,23,14,9
OTU184,0,1,0,0,0,0,0,0,3,0,0,0,0,0,0,0,3,8,4,1
OTU185,3,1,0,0,0,1,2,0,1,4,0,0,2,0,0,1,10,3,1,1
OTU186,0,1,0,0,1,3,1,7,3,5,1,0,0,0,0,1,0,7,0,0
OTU187,0,4,2,17,1,0,0,26,23,2,0,0,1,2,0,1,7,46,8,5
OTU188,6,0,0,0,0,0,0,0,0,0,0,0,0,0,0,0,0,0,0,4
OTU189,6,6,0,3,1,9,2,1,6,0,0,0,0,0,0,0,0,0,0,0
OTU19,0,4,0,4,0,10,0,0,21,2,3,116,14,40,27,35,111,188,49,63
OTU190,8,1,15,8,1,10,2,0,3,11,0,0,0,0,0,0,0,0,0,0
OTU191,8,11,0,15,3,1,0,7,6,2,0,0,2,0,0,0,0,0,0,0
OTU192,1,0,0,1,65,0,0,2,28,0,0,0,0,0,0,0,0,0,0,0
OTU193,0,2,5,2,1,12,2,2,9,0,0,0,3,0,0,0,0,0,2,4
OTU194,0,2,1,2,1,0,0,9,3,0,4,2,0,0,0,5,0,34,0,1
OTU195,1,0,0,0,0,1,0,1,0,0,0,0,16,0,0,0,0,0,0,2
OTU196,0,2,13,0,2,0,0,2,1,0,4,11,3,5,9,3,4,33,4,6
OTU197,0,0,0,0,0,1,0,0,0,0,2,1,0,12,0,0,0,8,0,1
OTU198,0,5,0,1,0,2,0,13,2,1,0,0,0,0,0,0,3,0,0,0
OTU199,0,0,0,1,0,0,0,1,1,1,0,0,0,0,0,0,5,0,0,2
OTU2,15,55,4,393,19,13,1,624,7,5,720,290,120,0,127,0,13,1,183,5
OTU20,1,3,3,7,1,5,4,9,7,2,14,24,12,8,17,28,34,80,14,63
OTU200,2,3,0,2,1,4,2,0,1,0,2,0,0,7,0,5,4,3,0,0
OTU201,0,1,1,0,2,0,0,1,0,1,0,0,0,0,0,0,3,4,0,0
OTU202,0,0,0,0,0,0,0,0,0,0,0,0,0,8,3,1,11,0,0,0
OTU203,0,1,0,2,0,0,1,2,0,0,0,0,0,1,0,1,0,2,0,0
OTU204,1,3,0,1,1,3,0,4,13,0,0,0,0,0,0,0,0,2,0,0
OTU205,1,0,4,3,0,1,1,0,2,5,0,0,0,0,0,0,0,1,0,2
OTU206,0,0,0,1,0,2,0,0,1,0,0,6,2,1,6,2,15,8,0,13
OTU207,1,0,0,0,0,0,0,0,1,0,0,0,0,0,0,0,0,0,0,4
OTU208,0,0,0,0,2,0,0,2,3,0,0,0,0,0,0,0,0,0,0,6
OTU209,2,13,1,37,0,11,1,20,4,1,0,1,0,6,2,1,1,2,1,3
OTU21,2,6,9,1,3,3,9,13,3,0,9,28,15,0,22,24,23,49,5,21
OTU210,1,7,0,1,0,4,0,0,7,0,0,0,0,0,0,0,0,0,0,0
OTU211,5,0,0,4,0,0,0,0,1,0,0,0,0,0,0,0,0,0,0,0
OTU212,16,6,0,3,51,59,1,4,6,2,0,0,0,0,0,0,0,0,0,0
OTU213,12,7,0,12,6,16,8,11,1,0,0,0,0,0,0,0,0,0,0,0
OTU214,2,3,1,5,0,3,2,3,3,1,1,2,0,0,0,0,0,0,0,0
OTU215,5,0,2,8,2,0,0,1,5,7,0,0,18,0,0,0,0,0,0,0
OTU216,0,0,5,4,0,0,4,0,0,0,0,0,0,0,0,0,0,0,0,0
OTU217,3,0,3,12,1,4,0,8,0,4,0,0,0,0,0,0,0,0,0,0
OTU218,1,0,0,1,5,0,1,0,2,1,0,0,0,0,0,0,0,0,0,0
OTU219,0,2,1,17,0,9,2,2,3,0,0,0,0,0,0,0,0,0,0,0
OTU22,0,53,27,17,3,23,2,17,15,10,263,44,37,20,23,22,64,38,13,24
OTU220,1,0,0,0,5,0,0,2,2,0,0,0,0,0,0,0,0,0,0,0
OTU221,0,1,1,2,0,10,1,3,2,1,0,0,0,0,0,0,0,0,0,0
OTU222,0,0,1,0,0,0,1,2,0,13,0,0,0,0,0,0,0,0,0,0
OTU223,4,1,2,0,3,1,5,2,12,5,0,0,1,0,0,0,2,6,1,6
OTU224,0,0,0,1,0,0,0,0,1,10,0,0,0,0,0,0,0,0,0,0
OTU225,0,0,0,1,0,1,0,1,1,1,15,11,18,1,25,0,2,5,0,1
OTU226,0,1,0,2,0,4,0,0,1,0,0,6,0,0,1,0,8,2,0,3
OTU227,0,1,0,0,0,5,0,1,1,0,22,42,0,2,1,0,3,0,0,0
OTU229,1,1,1,0,0,3,0,10,1,0,9,4,2,5,2,2,4,6,2,6
OTU23,1,2,4,2,1,0,1,2,0,1,19,7,6,27,38,3,4,149,15,19
OTU230,0,0,0,0,0,0,0,0,0,0,1,1,1,1,0,0,2,3,0,1
OTU231,0,2,0,0,0,3,0,0,0,0,0,0,5,0,1,0,14,14,6,17
OTU232,0,4,0,5,1,0,0,2,1,1,0,4,3,0,6,2,8,3,0,1
OTU233,2,0,1,0,0,6,0,0,3,0,8,4,0,0,3,2,12,2,1,3
OTU234,0,0,0,0,0,0,0,0,0,0,0,0,0,0,6,0,5,0,0,4
OTU235,0,1,9,9,0,0,2,2,0,0,0,7,0,0,0,4,0,0,2,0
OTU236,0,11,1,7,0,10,1,13,9,0,1,2,0,0,3,2,11,5,1,3
OTU237,0,1,3,0,0,3,1,1,5,3,0,0,3,0,0,0,2,7,4,13
OTU238,0,0,0,6,0,0,0,0,0,0,0,0,0,0,0,0,0,8,0,8
OTU239,0,0,0,1,0,3,0,0,0,1,0,0,0,0,0,0,0,8,0,3
OTU24,14,55,17,41,2,12,38,52,61,11,104,1,8,75,2,55,9,33,9,33
OTU240,0,1,0,0,0,1,0,2,2,0,0,0,0,0,1,1,1,8,1,3
OTU241,0,0,0,0,0,1,0,0,0,0,0,0,0,0,0,0,0,0,0,11
OTU242,0,11,0,5,2,6,0,3,4,1,0,0,0,0,0,0,0,0,0,0
OTU243,10,0,0,0,0,0,0,0,0,0,0,0,0,0,0,0,0,0,0,0
OTU245,1,0,0,1,0,9,0,1,0,0,0,0,0,0,0,0,0,0,0,0
OTU246,1,0,1,0,11,0,1,0,0,0,0,0,0,0,0,0,0,0,0,0
OTU247,0,0,2,0,2,0,1,2,2,0,0,0,0,0,0,0,0,0,0,0
OTU248,3,9,7,0,19,0,0,20,0,0,0,0,0,0,0,0,0,0,0,0
OTU249,0,1,8,0,9,0,4,0,1,2,0,0,0,0,0,0,0,0,0,0
OTU25,23,44,36,13,34,11,26,19,32,3,69,13,14,93,7,365,21,8,11,28
OTU250,0,0,0,4,0,5,0,0,0,0,0,0,0,0,0,0,0,0,0,0
OTU251,2,0,1,0,4,0,2,0,0,1,0,0,0,0,0,0,0,0,0,0
OTU253,1,3,0,2,0,7,0,1,0,2,0,0,0,0,0,0,0,0,0,0
OTU254,1,0,0,0,0,0,5,0,0,0,0,0,0,0,0,0,0,0,0,0
OTU255,0,1,0,1,0,0,0,4,2,1,0,21,1,0,3,1,3,12,2,3
OTU256,0,5,0,14,2,2,1,3,1,0,2,5,1,0,1,1,3,0,0,0
OTU257,1,0,0,0,1,1,0,2,1,0,1,22,1,0,1,0,10,2,0,0
OTU258,1,0,1,1,0,4,0,1,0,1,7,3,1,0,3,2,3,4,0,0
OTU259,0,0,0,0,1,0,0,0,0,0,7,0,0,0,1,2,0,2,1,2
OTU26,11,0,31,9,15,11,5,0,0,6,34,42,42,1,8,14,14,16,5,50
OTU260,0,0,0,1,1,0,0,0,0,0,1,2,1,0,0,0,2,2,0,1
OTU261,0,0,0,1,0,0,0,1,1,0,0,0,2,0,0,0,0,1,1,2
OTU262,0,0,0,2,0,0,0,0,0,2,0,0,2,0,0,0,0,0,0,0
OTU263,0,1,0,0,0,2,0,0,0,0,0,0,8,0,0,0,0,6,0,3
OTU264,0,2,1,0,0,7,0,5,0,4,0,0,1,1,0,4,1,9,0,1
OTU265,0,0,1,1,0,1,0,0,1,0,0,1,0,1,0,0,0,7,0,1
OTU266,0,0,0,1,0,0,0,0,0,0,1,0,1,7,2,0,0,3,2,9
OTU267,0,3,0,0,0,0,0,1,0,0,0,0,0,0,1,0,1,1,0,0
OTU268,0,1,0,1,0,2,0,1,0,3,18,1,3,2,0,16,1,2,0,0
OTU269,0,0,0,3,0,0,0,2,1,0,0,0,0,0,0,1,0,2,0,3
OTU27,0,0,0,1,0,0,0,1,0,0,0,0,17,0,4,17,27,86,17,18
OTU270,0,0,0,0,0,0,0,0,0,0,0,0,0,0,0,0,15,1,0,0
OTU271,0,0,0,0,0,0,0,0,0,0,0,0,0,0,0,0,6,4,1,2
OTU273,0,0,0,0,0,0,0,0,1,0,0,0,0,0,0,1,4,2,0,0
OTU274,0,0,0,0,0,0,0,2,0,0,0,0,1,0,0,0,0,4,0,0
OTU275,0,0,0,0,0,0,0,0,0,0,0,0,0,0,0,0,2,5,1,0
OTU276,0,0,0,0,0,0,0,0,0,0,0,0,0,0,0,0,0,13,1,0
OTU277,2,0,6,2,4,4,2,3,1,3,0,0,0,0,0,0,0,10,0,0
OTU278,0,1,0,0,1,1,0,0,1,0,0,0,1,0,0,0,0,2,0,1
OTU279,0,0,0,1,0,0,0,0,0,0,0,0,0,0,4,0,0,0,0,3
OTU28,4,8,0,3,4,4,5,3,6,1,20,29,3,0,4,3,11,29,12,27
OTU280,0,2,0,4,0,0,0,2,0,1,0,0,0,0,0,0,0,0,0,0
OTU281,7,0,0,0,0,0,1,0,0,0,0,0,0,0,0,0,0,0,0,0
OTU282,11,7,5,0,1,1,0,2,2,6,0,0,0,0,0,0,0,1,0,0
OTU283,1,1,0,4,0,1,1,0,2,4,0,0,0,0,0,0,0,0,0,0
OTU284,1,1,0,1,1,4,3,2,1,0,0,1,0,0,0,1,0,4,0,0
OTU285,2,0,1,2,0,4,0,2,4,1,0,0,0,0,0,0,0,0,0,0
OTU286,5,4,0,0,0,9,0,8,0,0,0,1,0,0,0,1,0,0,0,0
OTU287,0,0,1,0,0,2,1,0,0,1,0,0,0,0,0,0,0,1,0,0
OTU288,4,0,4,4,4,0,2,0,3,2,0,0,0,0,0,0,0,0,0,0
OTU29,6,0,1,51,29,1,0,14,46,28,0,0,0,0,0,0,0,0,0,0
OTU290,19,6,0,6,15,0,2,1,0,1,0,0,0,0,0,0,0,0,0,0
OTU291,2,0,0,2,4,1,1,7,1,0,0,0,1,0,0,0,0,0,0,0
OTU294,0,0,0,0,2,0,0,0,0,5,0,0,0,0,0,0,0,0,0,0
OTU295,0,2,0,0,0,5,0,3,1,1,0,0,0,0,0,0,0,0,0,0
OTU296,0,0,0,0,2,2,1,5,2,4,0,0,0,0,0,0,0,0,0,0
OTU297,0,1,0,1,0,10,0,4,2,0,0,1,0,0,0,0,0,0,0,0
OTU299,1,7,0,1,0,7,0,0,1,0,0,0,0,0,0,0,0,0,0,0
OTU3,14,59,27,16,11,53,66,215,109,45,278,128,22,518,33,503,60,113,33,111
OTU30,0,0,0,1,1,3,0,1,0,1,132,26,8,35,6,47,0,9,0,55
OTU300,0,2,0,0,0,14,0,0,0,0,0,0,0,0,0,0,0,0,0,0
OTU301,1,1,0,0,0,0,4,0,0,5,1,0,0,0,0,0,0,0,0,0
OTU302,0,0,0,0,1,0,0,1,2,0,0,0,1,0,0,0,0,0,0,1
OTU303,1,0,1,14,0,2,0,45,1,1,0,0,0,0,1,0,0,2,0,1
OTU304,0,0,0,0,0,1,0,19,1,0,0,0,0,1,0,0,1,0,0,0
OTU306,0,0,0,0,0,0,0,0,7,0,0,0,0,0,0,0,0,0,0,0
OTU307,0,1,0,0,0,0,0,5,5,0,0,0,0,0,0,0,0,0,0,0
OTU308,0,0,0,1,0,1,0,1,5,0,0,0,0,0,0,0,0,0,0,0
OTU309,0,0,0,0,0,0,0,1,1,0,0,1,0,0,0,0,0,2,0,3
OTU31,57,36,22,19,41,37,122,21,28,23,0,21,15,0,4,4,32,30,6,57
OTU310,0,0,1,0,0,0,0,0,0,0,1,14,0,4,0,15,2,1,0,0
OTU311,0,1,0,0,0,1,0,1,0,0,3,3,0,2,0,2,2,2,0,2
OTU312,0,6,0,6,0,1,0,6,0,0,6,2,0,0,0,0,1,3,0,0
OTU313,0,0,0,0,0,0,0,0,0,0,6,0,1,0,0,0,0,0,0,0
OTU314,5,2,0,0,0,6,0,0,1,0,1,0,1,1,0,1,1,6,0,1
OTU315,0,0,0,0,0,0,0,0,0,0,9,0,0,0,0,0,0,0,0,0
OTU316,0,0,0,0,0,1,0,0,0,0,2,1,0,0,1,0,1,5,1,0
OTU318,1,0,0,0,0,0,0,1,0,0,4,3,0,2,0,1,0,1,0,0
OTU319,0,0,0,1,0,0,0,0,0,0,6,0,0,0,1,0,1,0,0,1
OTU32,3,5,28,2,10,7,5,12,5,3,2,24,4,0,0,4,15,22,4,8
OTU320,0,0,0,0,0,0,0,0,0,0,0,0,2,0,0,2,2,0,0,1
OTU321,0,0,0,0,0,0,0,0,0,0,0,0,4,0,0,0,0,2,0,3
OTU322,0,0,0,0,0,0,0,0,0,0,0,0,7,0,0,0,0,0,0,0
OTU325,1,0,0,0,0,0,0,0,0,0,0,0,6,0,0,0,0,0,0,0
OTU326,1,2,0,4,2,2,0,1,2,0,1,0,0,3,0,0,1,0,0,0
OTU327,0,1,0,10,0,1,0,6,0,0,0,2,1,0,3,0,1,4,0,1
OTU328,0,0,0,0,0,0,0,0,0,0,0,0,0,0,7,0,0,0,0,0
OTU329,1,0,0,0,0,0,0,0,0,0,0,0,1,0,1,0,0,0,0,7
OTU33,0,0,278,0,0,0,76,1,2,8,0,0,0,0,0,0,0,0,0,0
OTU330,0,0,0,0,0,0,0,0,0,0,0,0,0,0,1,0,1,1,2,1
OTU331,0,0,0,0,0,6,0,0,0,0,0,0,0,0,0,3,0,0,0,0
OTU332,1,0,0,0,4,4,1,4,7,1,0,0,1,0,1,2,5,2,0,2
OTU335,0,0,0,0,0,0,0,0,6,0,0,0,0,0,0,0,4,0,0,0
OTU336,0,0,0,0,0,1,0,0,0,0,1,0,0,1,0,1,2,1,0,0
OTU337,0,3,0,6,1,0,0,4,0,0,0,0,0,0,1,0,1,0,0,0
OTU339,0,2,0,0,0,0,0,0,0,0,0,0,0,0,0,0,4,0,0,1
OTU34,0,0,0,0,0,0,0,0,0,0,0,0,0,0,0,0,171,0,1,0
OTU341,0,0,0,1,0,0,0,1,0,0,0,0,2,0,0,0,2,4,0,0
OTU342,0,3,0,1,6,0,0,0,0,0,0,0,0,0,0,0,0,5,0,0
OTU343,0,0,0,2,0,0,0,0,0,0,4,1,0,0,0,1,1,2,1,0
OTU344,0,1,0,0,0,0,1,0,0,1,0,0,0,0,0,0,0,2,0,1
OTU345,1,0,0,0,0,0,0,3,0,1,0,2,0,0,0,0,0,5,0,0
OTU346,1,0,0,1,1,0,1,1,3,0,0,0,0,2,0,0,3,3,0,2
OTU348,2,1,0,2,2,3,1,4,1,2,0,0,1,0,0,1,0,0,1,2
OTU349,3,12,0,2,2,6,1,2,4,1,0,4,0,0,0,0,3,0,0,2
OTU35,86,166,0,13,0,276,1,0,16,3,0,0,0,0,0,0,0,0,0,0
OTU350,0,3,0,0,0,3,1,8,1,0,0,1,0,0,0,0,0,0,0,0
OTU351,0,2,0,0,2,2,0,2,1,0,0,0,0,0,0,0,0,0,0,0
OTU352,0,3,1,0,0,0,0,2,2,0,0,0,0,0,1,0,0,0,0,0
OTU353,0,1,0,2,0,0,0,3,0,0,0,0,0,0,0,0,0,0,0,0
OTU354,0,9,0,1,0,1,0,0,0,0,0,1,0,0,0,0,0,0,0,1
OTU356,1,8,0,2,0,1,0,4,1,0,0,0,0,0,0,0,0,1,0,3
OTU358,2,0,0,0,3,0,0,0,0,2,0,0,0,0,0,0,0,0,0,0
OTU36,11,1,85,1,7,7,1,32,11,12,0,0,0,0,0,0,0,0,0,0
OTU360,2,0,0,0,0,2,0,0,1,0,0,0,0,0,0,0,0,0,0,1
OTU361,37,0,1,0,0,0,0,0,0,6,0,0,0,0,0,0,0,2,0,0
OTU365,1,1,0,0,0,0,5,0,0,0,0,0,0,0,0,0,0,0,0,0
OTU366,0,0,2,3,3,0,0,0,0,0,0,0,0,0,0,0,0,0,0,0
OTU368,0,0,3,0,0,0,2,0,0,3,0,0,0,0,0,0,0,0,0,0
OTU369,1,0,0,5,1,0,0,1,3,1,0,0,0,0,0,0,0,0,0,0
OTU37,17,5,23,4,0,0,46,35,25,6,0,0,0,0,0,0,0,0,0,0
OTU370,0,2,1,10,0,4,0,6,1,0,0,0,0,0,0,0,0,0,0,0
OTU371,0,4,0,7,0,0,0,1,1,3,0,0,0,0,0,0,0,0,0,0
OTU372,0,0,6,3,4,0,2,0,0,5,0,0,0,0,0,0,0,0,0,0
OTU375,0,8,0,12,1,3,0,6,1,4,13,1,8,2,0,1,0,5,0,3
OTU377,0,0,1,1,4,2,0,0,0,0,0,0,0,0,0,0,0,0,0,1
OTU379,1,3,0,1,1,4,2,0,2,0,0,0,0,0,0,0,0,0,0,0
OTU38,17,7,9,2,46,10,11,3,23,23,0,0,1,0,2,13,0,0,1,1
OTU381,0,0,0,0,0,10,0,0,0,0,0,0,0,0,0,1,0,0,0,0
OTU382,0,0,0,0,0,10,0,0,0,0,0,0,0,0,0,2,0,0,0,0
OTU384,1,0,0,1,0,3,0,0,12,1,0,0,0,0,0,0,0,0,0,0
OTU388,0,0,1,1,1,1,1,1,0,0,0,0,0,0,0,0,2,0,0,0
OTU39,52,24,104,60,60,37,76,17,44,24,0,1,1,0,0,0,1,0,2,2
OTU390,1,0,1,3,0,1,2,2,0,4,0,0,0,0,0,0,0,0,0,0
OTU392,0,1,0,1,0,0,6,0,0,0,0,0,0,0,0,0,0,0,0,0
OTU393,1,0,0,2,0,0,0,3,1,0,0,0,0,0,0,0,0,0,0,0
OTU394,0,0,0,1,1,0,0,3,0,1,0,0,0,0,0,0,0,0,0,0
OTU395,1,1,0,0,1,5,1,2,1,0,0,0,0,0,0,0,0,0,0,0
OTU396,0,1,0,0,0,0,0,4,0,10,0,0,0,0,0,0,0,0,0,0
OTU397,0,1,1,5,0,0,0,6,2,0,0,1,1,0,0,0,0,0,0,1
OTU398,0,0,0,1,0,0,1,0,5,1,0,0,0,0,0,0,0,0,0,0
OTU399,0,0,0,0,0,2,1,0,2,0,0,0,0,0,0,2,0,0,0,0
OTU4,543,135,153,302,689,418,125,78,296,337,0,0,0,0,0,0,0,0,0,0
OTU40,2,30,31,9,33,31,30,34,21,21,14,5,12,0,3,11,18,15,5,15
OTU400,0,0,0,6,0,0,0,0,2,2,0,0,0,0,0,0,0,0,0,0
OTU41,1,5,1,1,5,5,0,6,6,3,22,2,14,38,1,9,1,19,2,8
OTU42,2,0,46,5,0,0,7,0,0,34,0,0,0,0,0,0,0,0,0,0
OTU43,0,0,0,0,0,0,0,0,0,0,0,163,0,0,1,0,6,0,1,0
OTU44,1,0,0,12,9,14,0,0,67,0,0,0,0,0,0,0,0,0,0,0
OTU45,28,105,13,229,4,86,10,177,195,15,3,0,7,2,0,88,12,2,5,13
OTU46,7,5,6,24,12,2,8,12,7,47,0,0,3,0,0,0,7,0,0,0
OTU47,2,10,30,22,18,2,137,28,34,5,0,0,0,0,0,0,0,0,0,0
OTU48,1,10,0,24,3,15,2,18,17,1,34,77,90,11,33,43,88,325,55,171
OTU49,0,4,0,2,0,13,0,3,42,1,0,0,1,0,2,31,50,0,1,5
OTU5,17,14,224,17,203,132,14,19,330,23,6,13,147,0,0,3,61,0,1,13
OTU50,3,4,3,9,1,5,0,3,1,3,19,13,17,21,23,37,38,27,15,7
OTU51,0,0,0,1,0,0,0,6,1,0,33,21,43,27,1,7,11,4,0,0
OTU52,0,0,0,0,0,0,0,0,0,69,0,0,0,0,0,0,0,0,0,0
OTU53,18,14,42,16,32,89,28,12,35,14,0,0,0,0,0,0,0,2,0,0
OTU54,4,18,0,1,3,18,0,29,1,1,0,0,0,0,1,0,3,87,6,29
OTU55,14,0,91,5,137,6,12,3,4,110,0,0,0,0,0,0,3,0,0,0
OTU56,6,19,8,10,11,67,36,38,30,26,0,0,0,0,0,0,0,0,0,0
OTU57,9,9,60,17,6,0,36,91,62,31,0,0,0,0,0,0,0,0,0,0
OTU58,1,0,6,8,43,20,2,3,0,0,0,0,0,0,0,0,0,0,0,0
OTU59,0,0,7,2,53,0,1,0,0,23,0,0,0,0,0,0,0,0,0,0
OTU6,893,276,702,42,684,151,297,380,707,1331,3,0,6,0,0,0,0,2,0,2
OTU60,55,9,36,4,13,0,98,4,5,30,0,0,0,0,0,0,0,0,0,0
OTU61,0,2,0,2,3,0,1,4,5,0,5,9,17,29,7,41,12,8,4,7
OTU62,203,44,0,26,128,105,4,28,28,119,0,0,0,0,0,0,0,0,0,0
OTU63,51,24,0,3,2,0,1,20,26,169,36,0,20,6,0,32,1,2,2,26
OTU64,7,2,2,2,2,16,2,5,15,5,1,1,4,6,1,1,12,20,4,14
OTU65,0,0,0,0,0,52,0,0,0,0,0,0,0,0,0,0,0,0,0,0
OTU66,8,23,0,10,78,37,6,11,14,13,14,140,22,3,3,111,50,11,51,40
OTU67,3,4,1,5,1,7,0,5,9,1,72,58,57,33,57,70,63,91,13,37
OTU68,0,0,0,0,0,0,0,0,0,0,8,5,3,15,6,56,23,1,8,78
OTU69,1,8,0,0,0,13,11,6,0,0,243,38,19,33,22,58,13,37,2,6
OTU7,0,0,2,0,1,0,0,1,1,0,111,1,0,33,7,0,7,10,83,653
OTU70,9,32,11,12,17,28,10,25,10,14,18,6,7,0,6,3,42,37,8,27
OTU71,0,0,0,2,0,0,0,0,0,51,0,0,0,0,0,0,0,0,0,0
OTU72,1,20,7,9,7,8,3,18,12,4,0,30,1,0,10,0,40,33,14,36
OTU73,23,0,53,0,47,0,0,0,0,2,0,0,0,0,0,0,0,0,0,0
OTU74,0,0,0,0,0,0,0,0,0,0,10,3,18,7,4,5,3,12,5,12
OTU75,17,31,6,7,13,22,10,29,37,8,13,10,5,11,14,14,16,19,3,13
OTU76,0,0,0,1,0,0,0,0,0,0,4,9,0,3,9,34,2,0,0,7
OTU77,2,13,0,17,1,5,2,5,4,0,43,24,13,19,28,42,32,13,11,4
OTU78,6,1,13,2,0,3,8,5,1,1,0,0,0,4,0,0,0,3,0,1
OTU79,6,28,0,22,1,13,30,29,30,1,0,0,0,0,0,2,0,0,0,0
OTU8,0,0,0,5,3,0,0,0,0,188,0,0,2,0,1,0,179,470,679,138
OTU80,2,0,0,1,0,5,0,1,3,0,5,11,3,9,3,20,7,5,11,10
OTU81,0,0,0,0,0,0,0,0,0,0,0,0,0,0,0,0,1,0,28,0
OTU82,0,1,6,9,0,2,3,5,1,1,1,1,0,2,4,5,2,6,0,5
OTU83,0,6,1,0,0,3,0,4,5,0,4,3,2,0,5,3,18,25,5,2
OTU84,12,20,32,3,3,1,101,12,28,44,7,0,37,0,1,10,18,4,15,15
OTU85,0,0,0,0,0,0,0,0,0,0,0,0,0,0,0,0,1,56,1,3
OTU86,29,29,4,76,73,21,11,21,36,24,0,2,3,0,6,2,6,11,4,3
OTU87,2,4,1,4,0,20,1,6,16,2,0,0,0,0,0,0,0,0,0,0
OTU88,1,0,0,11,0,0,34,9,0,0,0,0,0,0,0,0,0,0,0,0
OTU89,0,0,0,0,0,0,0,0,0,0,10,0,0,0,1,0,34,37,0,0
OTU9,20,138,848,512,90,251,263,67,228,278,0,0,0,0,0,0,0,0,0,0
OTU90,4,5,1,8,3,3,2,10,10,1,11,37,3,0,34,15,40,20,26,34
OTU91,0,0,0,0,0,0,0,1,0,0,11,4,1,13,0,2,0,3,8,7
OTU92,0,79,0,0,0,1,0,5,1,0,2,0,0,4,4,1,22,7,3,49
OTU93,0,0,0,0,0,0,0,0,0,0,0,0,1,0,0,1,4,19,1,11
OTU94,0,0,0,5,0,0,0,11,1,0,0,0,0,3,2,1,0,0,0,3
OTU95,4,4,4,12,8,3,9,12,2,3,0,0,0,0,0,0,0,0,0,0
OTU96,0,0,8,0,17,0,1,0,0,2,0,0,0,0,0,0,0,0,0,0
OTU97,0,4,1,6,1,2,0,6,1,0,0,24,15,0,9,2,19,22,3,12
OTU98,0,0,0,0,0,0,0,0,0,0,83,18,5,15,1,30,0,0,0,0
OTU99,0,0,0,0,0,0,0,0,0,0,0,0,0,0,0,0,0,0,0,30
